{"cameraMode":{"drawMode":0,"name":"Shaded","section":"Shading Mode"},"sceneLighting":true,"audioPlay":false,"sceneViewState":{"showFog":true,"showMaterialUpdate":false,"showSkybox":true,"showFlares":true,"showImageEffects":true,"showParticleSystems":true},"in2DMode":false,"pivot":{"x":6.678316116333008,"y":-2.767645835876465,"z":48.636558532714847},"rotation":{"x":-0.21851104497909547,"y":-0.13040165603160859,"z":0.02946980856359005,"w":-0.9666617512702942},"size":19.198360443115236,"orthographic":false}