{"cameraMode":{"drawMode":0,"name":"Shaded","section":"Shading Mode"},"sceneLighting":true,"audioPlay":false,"sceneViewState":{"showFog":true,"showMaterialUpdate":false,"showSkybox":true,"showFlares":true,"showImageEffects":true,"showParticleSystems":true},"in2DMode":false,"pivot":{"x":106.17134857177735,"y":-8.430071830749512,"z":82.80078887939453},"rotation":{"x":0.037692710757255557,"y":0.45337387919425967,"z":-0.019191911444067956,"w":0.8903297781944275},"size":140.03631591796876,"orthographic":false}