{"cameraMode":{"drawMode":0,"name":"Shaded","section":"Shading Mode"},"sceneLighting":true,"audioPlay":false,"sceneViewState":{"showFog":true,"showMaterialUpdate":false,"showSkybox":true,"showFlares":true,"showImageEffects":true,"showParticleSystems":true},"in2DMode":false,"pivot":{"x":-3.02297306060791,"y":-1.2493970394134522,"z":-2.9802443981170656},"rotation":{"x":-0.09129814803600311,"y":0.8849501609802246,"z":-0.19585776329040528,"w":-0.4125154912471771},"size":10.0,"orthographic":false}