{"cameraMode":{"drawMode":0,"name":"Shaded","section":"Shading Mode"},"sceneLighting":true,"audioPlay":false,"sceneViewState":{"showFog":true,"showMaterialUpdate":false,"showSkybox":true,"showFlares":true,"showImageEffects":true,"showParticleSystems":true},"in2DMode":false,"pivot":{"x":-3.501302480697632,"y":0.4862058162689209,"z":37.97738265991211},"rotation":{"x":-0.027307400479912759,"y":-0.017406532540917398,"z":0.0003196603211108595,"w":-0.9995604753494263},"size":72.58027648925781,"orthographic":false}