{"cameraMode":{"drawMode":0,"name":"Shaded","section":"Shading Mode"},"sceneLighting":true,"audioPlay":false,"sceneViewState":{"showFog":true,"showMaterialUpdate":false,"showSkybox":true,"showFlares":true,"showImageEffects":true,"showParticleSystems":true},"in2DMode":false,"pivot":{"x":11.270774841308594,"y":0.46262359619140627,"z":-1.40059232711792},"rotation":{"x":0.05681120976805687,"y":0.9400342106819153,"z":-0.19477544724941255,"w":0.27418357133865359},"size":10.0,"orthographic":false}