{"cameraMode":{"drawMode":0,"name":"Shaded","section":"Shading Mode"},"sceneLighting":true,"audioPlay":false,"sceneViewState":{"showFog":true,"showMaterialUpdate":false,"showSkybox":true,"showFlares":true,"showImageEffects":true,"showParticleSystems":true},"in2DMode":false,"pivot":{"x":-20.333431243896486,"y":-13.450252532958985,"z":-4.132541656494141},"rotation":{"x":-0.25590434670448305,"y":0.4696321487426758,"z":-0.14435522258281709,"w":-0.8325487375259399},"size":85.09296417236328,"orthographic":false}