{"cameraMode":{"drawMode":0,"name":"Shaded","section":"Shading Mode"},"sceneLighting":true,"audioPlay":false,"sceneViewState":{"showFog":true,"showMaterialUpdate":false,"showSkybox":true,"showFlares":true,"showImageEffects":true,"showParticleSystems":true},"in2DMode":false,"pivot":{"x":626.4842529296875,"y":695.4534301757813,"z":2612.4306640625},"rotation":{"x":-0.004809648729860783,"y":-0.0009026127518154681,"z":0.000004376576725917403,"w":-0.9999926686286926},"size":3749.53369140625,"orthographic":false}