{"cameraMode":{"drawMode":0,"name":"Shaded","section":"Shading Mode"},"sceneLighting":true,"audioPlay":false,"sceneViewState":{"showFog":true,"showMaterialUpdate":false,"showSkybox":true,"showFlares":true,"showImageEffects":true,"showParticleSystems":true},"in2DMode":false,"pivot":{"x":-4.825963020324707,"y":-1.9280025959014893,"z":12.084887504577637},"rotation":{"x":-0.20587098598480225,"y":0.4496763348579407,"z":-0.10733502358198166,"w":-0.8624897003173828},"size":19.35282325744629,"orthographic":false}