{"cameraMode":{"drawMode":0,"name":"Shaded","section":"Shading Mode"},"sceneLighting":true,"audioPlay":false,"sceneViewState":{"showFog":true,"showMaterialUpdate":false,"showSkybox":true,"showFlares":true,"showImageEffects":true,"showParticleSystems":true},"in2DMode":false,"pivot":{"x":-0.43718573451042178,"y":4.114004135131836,"z":0.7063843607902527},"rotation":{"x":-0.11720934510231018,"y":0.5156253576278687,"z":-0.07145935297012329,"w":-0.8457496166229248},"size":0.23217594623565675,"orthographic":false}