{"cameraMode":{"drawMode":0,"name":"Shaded","section":"Shading Mode"},"sceneLighting":true,"audioPlay":false,"sceneViewState":{"showFog":true,"showMaterialUpdate":false,"showSkybox":true,"showFlares":true,"showImageEffects":true,"showParticleSystems":true},"in2DMode":false,"pivot":{"x":8.841832160949707,"y":5.145718574523926,"z":-1.8179969787597657},"rotation":{"x":-0.25654131174087527,"y":0.4887242317199707,"z":-0.15298177301883698,"w":-0.8197638392448425},"size":4.541634559631348,"orthographic":false}